tau;c_conv[3];c_conv[2]
1;0.054175912;0.141336253
