Tc,F_conv[5],F_conv[6]
309,12.0584,1.40564
316,11.1135,2.35046
324,9.60319,3.86081
329,8.4793,4.9847
336,6.82922,6.63478
347,4.51924,8.94476
