tau;c_conv[3];c_conv[2]
1;0.027087956;0.070668127
